# TYPO3 Extension Manager dump 1.1
#
# Host: 127.0.0.1    Database: vitrolles_bd
#--------------------------------------------------------


#
# Table structure for table "fe_users"
#
DROP TABLE IF EXISTS fe_users;
CREATE TABLE fe_users (
  tx_extbase_type varchar(255) NOT NULL default ''
);


INSERT INTO fe_users VALUES ('Tx_Vitrolles_Users');
INSERT INTO fe_users VALUES ('Tx_Vitrolles_Users');
INSERT INTO fe_users VALUES ('Tx_Vitrolles_Users');
INSERT INTO fe_users VALUES ('Tx_Vitrolles_Users');
INSERT INTO fe_users VALUES ('Tx_Vitrolles_Users');
INSERT INTO fe_users VALUES ('Tx_Vitrolles_Users');
INSERT INTO fe_users VALUES ('Tx_Vitrolles_Users');
INSERT INTO fe_users VALUES ('Tx_Vitrolles_Users');
INSERT INTO fe_users VALUES ('Tx_Vitrolles_Users');
INSERT INTO fe_users VALUES ('Tx_Vitrolles_Users');
INSERT INTO fe_users VALUES ('Tx_Vitrolles_Users');
INSERT INTO fe_users VALUES ('Tx_Vitrolles_Users');
INSERT INTO fe_users VALUES ('Tx_Vitrolles_Users');
INSERT INTO fe_users VALUES ('Tx_Vitrolles_Users');
INSERT INTO fe_users VALUES ('Tx_Vitrolles_Users');
INSERT INTO fe_users VALUES ('Tx_Vitrolles_Users');
INSERT INTO fe_users VALUES ('Tx_Vitrolles_Users');
INSERT INTO fe_users VALUES ('Tx_Vitrolles_Users');
INSERT INTO fe_users VALUES ('Tx_Vitrolles_Users');
INSERT INTO fe_users VALUES ('0');
INSERT INTO fe_users VALUES ('Tx_Vitrolles_Users');
INSERT INTO fe_users VALUES ('Tx_Vitrolles_Users');
INSERT INTO fe_users VALUES ('Tx_Vitrolles_Users');
INSERT INTO fe_users VALUES ('Tx_Vitrolles_Users');
INSERT INTO fe_users VALUES ('Tx_Vitrolles_Users');
INSERT INTO fe_users VALUES ('Tx_Vitrolles_Users');
INSERT INTO fe_users VALUES ('Tx_Vitrolles_Users');
INSERT INTO fe_users VALUES ('Tx_Vitrolles_Users');
INSERT INTO fe_users VALUES ('Tx_Vitrolles_Users');
INSERT INTO fe_users VALUES ('Tx_Vitrolles_Users');
INSERT INTO fe_users VALUES ('Tx_Vitrolles_Users');
INSERT INTO fe_users VALUES ('Tx_Vitrolles_Users');
INSERT INTO fe_users VALUES ('Tx_Vitrolles_Users');
INSERT INTO fe_users VALUES ('Tx_Vitrolles_Users');
INSERT INTO fe_users VALUES ('Tx_Vitrolles_Users');
INSERT INTO fe_users VALUES ('Tx_Vitrolles_Users');
INSERT INTO fe_users VALUES ('Tx_Vitrolles_Users');
INSERT INTO fe_users VALUES ('Tx_Vitrolles_Users');
INSERT INTO fe_users VALUES ('Tx_Vitrolles_Users');
INSERT INTO fe_users VALUES ('Tx_Vitrolles_Users');
INSERT INTO fe_users VALUES ('Tx_Vitrolles_Users');
INSERT INTO fe_users VALUES ('Tx_Vitrolles_Users');
INSERT INTO fe_users VALUES ('Tx_Vitrolles_Users');
INSERT INTO fe_users VALUES ('Tx_Vitrolles_Users');
INSERT INTO fe_users VALUES ('Tx_Vitrolles_Users');
INSERT INTO fe_users VALUES ('Tx_Vitrolles_Users');
INSERT INTO fe_users VALUES ('Tx_Vitrolles_Users');
INSERT INTO fe_users VALUES ('Tx_Vitrolles_Users');
INSERT INTO fe_users VALUES ('Tx_Vitrolles_Users');
INSERT INTO fe_users VALUES ('Tx_Vitrolles_Users');
INSERT INTO fe_users VALUES ('Tx_Vitrolles_Users');
INSERT INTO fe_users VALUES ('Tx_Vitrolles_Users');
INSERT INTO fe_users VALUES ('Tx_Vitrolles_Users');
INSERT INTO fe_users VALUES ('Tx_Vitrolles_Users');
INSERT INTO fe_users VALUES ('Tx_Vitrolles_Users');
INSERT INTO fe_users VALUES ('Tx_Vitrolles_Users');
INSERT INTO fe_users VALUES ('Tx_Vitrolles_Users');
INSERT INTO fe_users VALUES ('Tx_Vitrolles_Users');
INSERT INTO fe_users VALUES ('Tx_Vitrolles_Users');
INSERT INTO fe_users VALUES ('Tx_Vitrolles_Users');
INSERT INTO fe_users VALUES ('Tx_Vitrolles_Users');
INSERT INTO fe_users VALUES ('Tx_Vitrolles_Users');
INSERT INTO fe_users VALUES ('Tx_Vitrolles_Users');
INSERT INTO fe_users VALUES ('Tx_Vitrolles_Users');
INSERT INTO fe_users VALUES ('Tx_Vitrolles_Users');
INSERT INTO fe_users VALUES ('Tx_Vitrolles_Users');
INSERT INTO fe_users VALUES ('Tx_Vitrolles_Users');
INSERT INTO fe_users VALUES ('Tx_Vitrolles_Users');
INSERT INTO fe_users VALUES ('Tx_Vitrolles_Users');
INSERT INTO fe_users VALUES ('Tx_Vitrolles_Users');
INSERT INTO fe_users VALUES ('Tx_Vitrolles_Users');
INSERT INTO fe_users VALUES ('Tx_Vitrolles_Users');
INSERT INTO fe_users VALUES ('Tx_Vitrolles_Users');
INSERT INTO fe_users VALUES ('Tx_Vitrolles_Users');
INSERT INTO fe_users VALUES ('Tx_Vitrolles_Users');
INSERT INTO fe_users VALUES ('Tx_Vitrolles_Users');
INSERT INTO fe_users VALUES ('Tx_Vitrolles_Users');
INSERT INTO fe_users VALUES ('Tx_Vitrolles_Users');
INSERT INTO fe_users VALUES ('Tx_Vitrolles_Users');
INSERT INTO fe_users VALUES ('Tx_Vitrolles_Users');
INSERT INTO fe_users VALUES ('Tx_Vitrolles_Users');
INSERT INTO fe_users VALUES ('Tx_Vitrolles_Users');
INSERT INTO fe_users VALUES ('Tx_Vitrolles_Users');
INSERT INTO fe_users VALUES ('Tx_Vitrolles_Users');
INSERT INTO fe_users VALUES ('Tx_Vitrolles_Users');
INSERT INTO fe_users VALUES ('Tx_Vitrolles_Users');
INSERT INTO fe_users VALUES ('Tx_Vitrolles_Users');
INSERT INTO fe_users VALUES ('Tx_Vitrolles_Users');
INSERT INTO fe_users VALUES ('Tx_Vitrolles_Users');
INSERT INTO fe_users VALUES ('Tx_Vitrolles_Users');
INSERT INTO fe_users VALUES ('Tx_Vitrolles_Users');
INSERT INTO fe_users VALUES ('Tx_Vitrolles_Users');
INSERT INTO fe_users VALUES ('Tx_Vitrolles_Users');
INSERT INTO fe_users VALUES ('Tx_Vitrolles_Users');
INSERT INTO fe_users VALUES ('Tx_Vitrolles_Users');
INSERT INTO fe_users VALUES ('Tx_Vitrolles_Users');
INSERT INTO fe_users VALUES ('Tx_Vitrolles_Users');
INSERT INTO fe_users VALUES ('Tx_Vitrolles_Users');
INSERT INTO fe_users VALUES ('Tx_Vitrolles_Users');
INSERT INTO fe_users VALUES ('Tx_Vitrolles_Users');
INSERT INTO fe_users VALUES ('Tx_Vitrolles_Users');
INSERT INTO fe_users VALUES ('Tx_Vitrolles_Users');
INSERT INTO fe_users VALUES ('Tx_Vitrolles_Users');
INSERT INTO fe_users VALUES ('Tx_Vitrolles_Users');
INSERT INTO fe_users VALUES ('Tx_Vitrolles_Users');
INSERT INTO fe_users VALUES ('Tx_Vitrolles_Users');
INSERT INTO fe_users VALUES ('Tx_Vitrolles_Users');
INSERT INTO fe_users VALUES ('Tx_Vitrolles_Users');
INSERT INTO fe_users VALUES ('Tx_Vitrolles_Users');
INSERT INTO fe_users VALUES ('Tx_Vitrolles_Users');
INSERT INTO fe_users VALUES ('Tx_Vitrolles_Users');
INSERT INTO fe_users VALUES ('Tx_Vitrolles_Users');
INSERT INTO fe_users VALUES ('Tx_Vitrolles_Users');
INSERT INTO fe_users VALUES ('Tx_Vitrolles_Users');
INSERT INTO fe_users VALUES ('Tx_Vitrolles_Users');
INSERT INTO fe_users VALUES ('Tx_Vitrolles_Users');
INSERT INTO fe_users VALUES ('Tx_Vitrolles_Users');
INSERT INTO fe_users VALUES ('Tx_Vitrolles_Users');
INSERT INTO fe_users VALUES ('Tx_Vitrolles_Users');
INSERT INTO fe_users VALUES ('Tx_Vitrolles_Users');
INSERT INTO fe_users VALUES ('Tx_Vitrolles_Users');
INSERT INTO fe_users VALUES ('Tx_Vitrolles_Users');
INSERT INTO fe_users VALUES ('Tx_Vitrolles_Users');
INSERT INTO fe_users VALUES ('Tx_Vitrolles_Users');
INSERT INTO fe_users VALUES ('Tx_Vitrolles_Users');
INSERT INTO fe_users VALUES ('Tx_Vitrolles_Users');
INSERT INTO fe_users VALUES ('Tx_Vitrolles_Users');
INSERT INTO fe_users VALUES ('Tx_Vitrolles_Users');
INSERT INTO fe_users VALUES ('Tx_Vitrolles_Users');
INSERT INTO fe_users VALUES ('Tx_Vitrolles_Users');
INSERT INTO fe_users VALUES ('Tx_Vitrolles_Users');
INSERT INTO fe_users VALUES ('Tx_Vitrolles_Users');
INSERT INTO fe_users VALUES ('Tx_Vitrolles_Users');
INSERT INTO fe_users VALUES ('Tx_Vitrolles_Users');
INSERT INTO fe_users VALUES ('Tx_Vitrolles_Users');
INSERT INTO fe_users VALUES ('Tx_Vitrolles_Users');
INSERT INTO fe_users VALUES ('Tx_Vitrolles_Users');
INSERT INTO fe_users VALUES ('Tx_Vitrolles_Users');
INSERT INTO fe_users VALUES ('Tx_Vitrolles_Users');
INSERT INTO fe_users VALUES ('Tx_Vitrolles_Users');
INSERT INTO fe_users VALUES ('Tx_Vitrolles_Users');
INSERT INTO fe_users VALUES ('Tx_Vitrolles_Users');
INSERT INTO fe_users VALUES ('Tx_Vitrolles_Users');
INSERT INTO fe_users VALUES ('Tx_Vitrolles_Users');
INSERT INTO fe_users VALUES ('Tx_Vitrolles_Users');
INSERT INTO fe_users VALUES ('Tx_Vitrolles_Users');
INSERT INTO fe_users VALUES ('Tx_Vitrolles_Users');
INSERT INTO fe_users VALUES ('Tx_Vitrolles_Users');
INSERT INTO fe_users VALUES ('Tx_Vitrolles_Users');
INSERT INTO fe_users VALUES ('Tx_Vitrolles_Users');
INSERT INTO fe_users VALUES ('Tx_Vitrolles_Users');
INSERT INTO fe_users VALUES ('Tx_Vitrolles_Users');
INSERT INTO fe_users VALUES ('Tx_Vitrolles_Users');
INSERT INTO fe_users VALUES ('Tx_Vitrolles_Users');
INSERT INTO fe_users VALUES ('Tx_Vitrolles_Users');
INSERT INTO fe_users VALUES ('Tx_Vitrolles_Users');
INSERT INTO fe_users VALUES ('Tx_Vitrolles_Users');
INSERT INTO fe_users VALUES ('Tx_Vitrolles_Users');
INSERT INTO fe_users VALUES ('Tx_Vitrolles_Users');
INSERT INTO fe_users VALUES ('Tx_Vitrolles_Users');
INSERT INTO fe_users VALUES ('Tx_Vitrolles_Users');
INSERT INTO fe_users VALUES ('Tx_Vitrolles_Users');
INSERT INTO fe_users VALUES ('Tx_Vitrolles_Users');
INSERT INTO fe_users VALUES ('Tx_Vitrolles_Users');
INSERT INTO fe_users VALUES ('Tx_Vitrolles_Users');
INSERT INTO fe_users VALUES ('Tx_Vitrolles_Users');
INSERT INTO fe_users VALUES ('Tx_Vitrolles_Users');
INSERT INTO fe_users VALUES ('Tx_Vitrolles_Users');
INSERT INTO fe_users VALUES ('Tx_Vitrolles_Users');
INSERT INTO fe_users VALUES ('Tx_Vitrolles_Users');
INSERT INTO fe_users VALUES ('Tx_Vitrolles_Users');
INSERT INTO fe_users VALUES ('Tx_Vitrolles_Users');
INSERT INTO fe_users VALUES ('Tx_Vitrolles_Users');
INSERT INTO fe_users VALUES ('Tx_Vitrolles_Users');
INSERT INTO fe_users VALUES ('Tx_Vitrolles_Users');
INSERT INTO fe_users VALUES ('Tx_Vitrolles_Users');
INSERT INTO fe_users VALUES ('Tx_Vitrolles_Users');
INSERT INTO fe_users VALUES ('Tx_Vitrolles_Users');
INSERT INTO fe_users VALUES ('Tx_Vitrolles_Users');
INSERT INTO fe_users VALUES ('Tx_Vitrolles_Users');
INSERT INTO fe_users VALUES ('Tx_Vitrolles_Users');
INSERT INTO fe_users VALUES ('Tx_Vitrolles_Users');
INSERT INTO fe_users VALUES ('Tx_Vitrolles_Users');
INSERT INTO fe_users VALUES ('Tx_Vitrolles_Users');
INSERT INTO fe_users VALUES ('Tx_Vitrolles_Users');
INSERT INTO fe_users VALUES ('Tx_Vitrolles_Users');
INSERT INTO fe_users VALUES ('Tx_Vitrolles_Users');
INSERT INTO fe_users VALUES ('Tx_Vitrolles_Users');
INSERT INTO fe_users VALUES ('Tx_Vitrolles_Users');
INSERT INTO fe_users VALUES ('Tx_Vitrolles_Users');
INSERT INTO fe_users VALUES ('Tx_Vitrolles_Users');
INSERT INTO fe_users VALUES ('Tx_Vitrolles_Users');
INSERT INTO fe_users VALUES ('Tx_Vitrolles_Users');
INSERT INTO fe_users VALUES ('Tx_Vitrolles_Users');
INSERT INTO fe_users VALUES ('Tx_Vitrolles_Users');
INSERT INTO fe_users VALUES ('Tx_Vitrolles_Users');
INSERT INTO fe_users VALUES ('Tx_Vitrolles_Users');
INSERT INTO fe_users VALUES ('Tx_Vitrolles_Users');


# TYPO3 Extension Manager dump 1.1
#
# Host: 127.0.0.1    Database: vitrolles_bd
#--------------------------------------------------------


#
# Table structure for table "tx_vitrolles_domain_model_reservations"
#
DROP TABLE IF EXISTS tx_vitrolles_domain_model_reservations;
CREATE TABLE tx_vitrolles_domain_model_reservations (
  uid int(11) NOT NULL auto_increment,
  pid int(11) NOT NULL default '0',
  id_users int(11) unsigned default '0',
  id_salles int(11) unsigned default '0',
  tstamp int(11) unsigned NOT NULL default '0',
  crdate int(11) unsigned NOT NULL default '0',
  cruser_id int(11) unsigned NOT NULL default '0',
  deleted tinyint(4) unsigned NOT NULL default '0',
  hidden tinyint(4) unsigned NOT NULL default '0',
  starttime int(11) unsigned NOT NULL default '0',
  endtime int(11) unsigned NOT NULL default '0',
  t3ver_oid int(11) NOT NULL default '0',
  t3ver_id int(11) NOT NULL default '0',
  t3ver_wsid int(11) NOT NULL default '0',
  t3ver_label varchar(255) NOT NULL default '',
  t3ver_state tinyint(4) NOT NULL default '0',
  t3ver_stage int(11) NOT NULL default '0',
  t3ver_count int(11) NOT NULL default '0',
  t3ver_tstamp int(11) NOT NULL default '0',
  t3ver_move_id int(11) NOT NULL default '0',
  sys_language_uid int(11) NOT NULL default '0',
  l10n_parent int(11) NOT NULL default '0',
  l10n_diffsource mediumblob,
  PRIMARY KEY (uid),
  KEY parent (pid),
  KEY t3ver_oid (t3ver_oid,t3ver_wsid),
  KEY language (l10n_parent,sys_language_uid)
);


INSERT INTO tx_vitrolles_domain_model_reservations VALUES ('1', '38', '1', '2', '1453716945', '1452188006', '0', '1', '0', '0', '0', '0', '0', '0', '', '0', '0', '0', '0', '0', '0', '0', NULL);
INSERT INTO tx_vitrolles_domain_model_reservations VALUES ('2', '38', '1', '1', '1453716943', '1452189132', '0', '1', '0', '0', '0', '0', '0', '0', '', '0', '0', '0', '0', '0', '0', '0', NULL);
INSERT INTO tx_vitrolles_domain_model_reservations VALUES ('3', '38', '1', '1', '1453716942', '1452189225', '0', '1', '0', '0', '0', '0', '0', '0', '', '0', '0', '0', '0', '0', '0', '0', NULL);
INSERT INTO tx_vitrolles_domain_model_reservations VALUES ('4', '38', '2', '1', '1453716940', '1452267921', '0', '1', '0', '0', '0', '0', '0', '0', '', '0', '0', '0', '0', '0', '0', '0', NULL);
INSERT INTO tx_vitrolles_domain_model_reservations VALUES ('5', '38', '1', '1', '1453716936', '1452272639', '0', '1', '0', '0', '0', '0', '0', '0', '', '0', '0', '0', '0', '0', '0', '0', NULL);
INSERT INTO tx_vitrolles_domain_model_reservations VALUES ('6', '38', '1', '1', '1454405025', '1452274019', '0', '1', '1', '1453672800', '1453672800', '0', '0', '0', '', '0', '0', '0', '0', '0', '0', '0', 'a:1:{s:6:"hidden";N;}');
INSERT INTO tx_vitrolles_domain_model_reservations VALUES ('7', '38', '1', '1', '1454405022', '1452531445', '0', '1', '0', '1454137200', '1454140800', '0', '0', '0', '', '0', '0', '0', '0', '0', '0', '0', 'a:6:{s:16:"sys_language_uid";N;s:6:"hidden";N;s:8:"id_users";N;s:9:"id_salles";N;s:9:"starttime";N;s:7:"endtime";N;}');
INSERT INTO tx_vitrolles_domain_model_reservations VALUES ('8', '38', '3', '2', '1453207230', '1453207230', '0', '0', '0', '1466229600', '1466359200', '0', '0', '0', '', '0', '0', '0', '0', '0', '0', '0', NULL);
INSERT INTO tx_vitrolles_domain_model_reservations VALUES ('9', '38', '4', '1', '1454405018', '1453717338', '0', '1', '0', '1454137200', '1454140800', '0', '0', '0', '', '0', '0', '0', '0', '0', '0', '0', NULL);
INSERT INTO tx_vitrolles_domain_model_reservations VALUES ('10', '38', '4', '1', '1454405015', '1453717580', '0', '1', '0', '1454133600', '1454144400', '0', '0', '0', '', '0', '0', '0', '0', '0', '0', '0', NULL);
INSERT INTO tx_vitrolles_domain_model_reservations VALUES ('11', '38', '4', '2', '1454405011', '1453739131', '0', '1', '1', '1455256800', '1455267600', '0', '0', '0', '', '0', '0', '0', '0', '0', '0', '0', NULL);
INSERT INTO tx_vitrolles_domain_model_reservations VALUES ('12', '38', '4', '1', '1453742797', '1453740508', '0', '1', '0', '1454835600', '1454868000', '0', '0', '0', '', '0', '0', '0', '0', '0', '0', '0', NULL);
INSERT INTO tx_vitrolles_domain_model_reservations VALUES ('13', '38', '5', '1', '1453803712', '1453801160', '0', '1', '1', '1453788000', '1454047200', '0', '0', '0', '', '0', '0', '0', '0', '0', '0', '0', NULL);
INSERT INTO tx_vitrolles_domain_model_reservations VALUES ('14', '38', '5', '2', '1453803715', '1453803583', '0', '1', '1', '1454047200', '1454050800', '0', '0', '0', '', '0', '0', '0', '0', '0', '0', '0', NULL);
INSERT INTO tx_vitrolles_domain_model_reservations VALUES ('15', '38', '5', '2', '1453803718', '1453803648', '0', '1', '1', '1454133600', '1454227200', '0', '0', '0', '', '0', '0', '0', '0', '0', '0', '0', NULL);
INSERT INTO tx_vitrolles_domain_model_reservations VALUES ('16', '38', '6', '2', '1454405005', '1454325491', '0', '1', '0', '1455786000', '1455807600', '0', '0', '0', '', '0', '0', '0', '0', '0', '0', '0', NULL);
INSERT INTO tx_vitrolles_domain_model_reservations VALUES ('17', '38', '7', '2', '1454606859', '1454358068', '0', '1', '0', '1458388800', '1458471600', '0', '0', '0', '', '0', '0', '0', '0', '0', '0', '0', NULL);
INSERT INTO tx_vitrolles_domain_model_reservations VALUES ('18', '38', '3', '2', '1454682126', '1454606807', '2', '1', '0', '1458322080', '1458494880', '0', '0', '0', '', '0', '0', '0', '0', '0', '0', '0', 'a:5:{s:6:"hidden";N;s:8:"id_users";N;s:9:"id_salles";N;s:9:"starttime";N;s:7:"endtime";N;}');
INSERT INTO tx_vitrolles_domain_model_reservations VALUES ('19', '38', '3', '2', '1454606915', '1454606915', '2', '0', '0', '1460737800', '1460910600', '0', '0', '0', '', '0', '0', '0', '0', '0', '0', '0', 'a:5:{s:6:"hidden";N;s:8:"id_users";N;s:9:"id_salles";N;s:9:"starttime";N;s:7:"endtime";N;}');
INSERT INTO tx_vitrolles_domain_model_reservations VALUES ('20', '38', '3', '2', '1454682436', '1454682436', '2', '0', '0', '1461996000', '1462125600', '0', '0', '0', '', '0', '0', '0', '0', '0', '0', '0', 'a:5:{s:6:"hidden";N;s:8:"id_users";N;s:9:"id_salles";N;s:9:"starttime";N;s:7:"endtime";N;}');
INSERT INTO tx_vitrolles_domain_model_reservations VALUES ('21', '38', '3', '2', '1454683945', '1454683945', '2', '0', '0', '1465624800', '1465754400', '0', '0', '0', '', '0', '0', '0', '0', '0', '0', '0', 'a:5:{s:6:"hidden";N;s:8:"id_users";N;s:9:"id_salles";N;s:9:"starttime";N;s:7:"endtime";N;}');
INSERT INTO tx_vitrolles_domain_model_reservations VALUES ('22', '38', '3', '2', '1454684077', '1454684077', '2', '0', '0', '1466776800', '1466798400', '0', '0', '0', '', '0', '0', '0', '0', '0', '0', '0', 'a:5:{s:6:"hidden";N;s:8:"id_users";N;s:9:"id_salles";N;s:9:"starttime";N;s:7:"endtime";N;}');
INSERT INTO tx_vitrolles_domain_model_reservations VALUES ('23', '38', '3', '2', '1454684197', '1454684197', '2', '0', '0', '1469952000', '1469988000', '0', '0', '0', '', '0', '0', '0', '0', '0', '0', '0', 'a:5:{s:6:"hidden";N;s:8:"id_users";N;s:9:"id_salles";N;s:9:"starttime";N;s:7:"endtime";N;}');
INSERT INTO tx_vitrolles_domain_model_reservations VALUES ('24', '38', '3', '1', '1454684318', '1454684318', '2', '0', '0', '1459584000', '1459620000', '0', '0', '0', '', '0', '0', '0', '0', '0', '0', '0', 'a:5:{s:6:"hidden";N;s:8:"id_users";N;s:9:"id_salles";N;s:9:"starttime";N;s:7:"endtime";N;}');
INSERT INTO tx_vitrolles_domain_model_reservations VALUES ('25', '38', '3', '1', '1454684385', '1454684385', '2', '0', '0', '1466323200', '1466359200', '0', '0', '0', '', '0', '0', '0', '0', '0', '0', '0', 'a:5:{s:6:"hidden";N;s:8:"id_users";N;s:9:"id_salles";N;s:9:"starttime";N;s:7:"endtime";N;}');
INSERT INTO tx_vitrolles_domain_model_reservations VALUES ('26', '38', '8', '2', '1455895380', '1454684649', '0', '0', '0', '1463205600', '1463335200', '0', '0', '0', '', '0', '0', '0', '0', '0', '0', '0', 'a:1:{s:6:"hidden";N;}');
INSERT INTO tx_vitrolles_domain_model_reservations VALUES ('27', '38', '9', '1', '1456562819', '1456336197', '0', '0', '0', '1469944800', '1469995200', '0', '0', '0', '', '0', '0', '0', '0', '0', '0', '0', NULL);
INSERT INTO tx_vitrolles_domain_model_reservations VALUES ('28', '38', '10', '2', '1457101206', '1457098512', '0', '0', '0', '1457676000', '1457762400', '0', '0', '0', '', '0', '0', '0', '0', '0', '0', '0', NULL);
INSERT INTO tx_vitrolles_domain_model_reservations VALUES ('29', '38', '11', '2', '1459266682', '1457341629', '0', '1', '1', '1460178000', '1460311200', '0', '0', '0', '', '0', '0', '0', '0', '0', '0', '0', NULL);
INSERT INTO tx_vitrolles_domain_model_reservations VALUES ('30', '38', '12', '2', '1458309840', '1458244448', '0', '0', '0', '1461387600', '1461488400', '0', '0', '0', '', '0', '0', '0', '0', '0', '0', '0', NULL);
INSERT INTO tx_vitrolles_domain_model_reservations VALUES ('31', '38', '13', '1', '1458509587', '1458509587', '0', '0', '1', '1460782800', '1460887200', '0', '0', '0', '', '0', '0', '0', '0', '0', '0', '0', NULL);
INSERT INTO tx_vitrolles_domain_model_reservations VALUES ('32', '38', '11', '2', '1458580674', '1458580674', '0', '0', '1', '1466917200', '1466956800', '0', '0', '0', '', '0', '0', '0', '0', '0', '0', '0', NULL);
INSERT INTO tx_vitrolles_domain_model_reservations VALUES ('33', '38', '9', '2', '1460057383', '1459940955', '0', '0', '0', '1461240000', '1461258000', '0', '0', '0', '', '0', '0', '0', '0', '0', '0', '0', NULL);
INSERT INTO tx_vitrolles_domain_model_reservations VALUES ('34', '38', '14', '2', '1467100033', '1466498508', '0', '1', '1', '1467460800', '1467540000', '0', '0', '0', '', '0', '0', '0', '0', '0', '0', '0', NULL);
INSERT INTO tx_vitrolles_domain_model_reservations VALUES ('35', '38', '15', '2', '1467114812', '1467114306', '0', '0', '0', '1467435600', '1467522000', '0', '0', '0', '', '0', '0', '0', '0', '0', '0', '0', NULL);
INSERT INTO tx_vitrolles_domain_model_reservations VALUES ('36', '38', '16', '1', '1469791401', '1468262122', '0', '0', '0', '1474693200', '1474826400', '0', '0', '0', '', '0', '0', '0', '0', '0', '0', '0', NULL);
INSERT INTO tx_vitrolles_domain_model_reservations VALUES ('37', '38', '3', '2', '1470405075', '1469540911', '0', '1', '0', '1472274000', '1472360400', '0', '0', '0', '', '0', '0', '0', '0', '0', '0', '0', NULL);
INSERT INTO tx_vitrolles_domain_model_reservations VALUES ('38', '38', '17', '2', '1475587913', '1475220235', '0', '0', '0', '1481349600', '1481400000', '0', '0', '0', '', '0', '0', '0', '0', '0', '0', '0', NULL);
INSERT INTO tx_vitrolles_domain_model_reservations VALUES ('39', '38', '18', '2', '1477662124', '1477384906', '0', '0', '0', '1482645600', '1482703200', '0', '0', '0', '', '0', '0', '0', '0', '0', '0', '0', NULL);
INSERT INTO tx_vitrolles_domain_model_reservations VALUES ('40', '38', '18', '2', '1480086108', '1478458200', '0', '0', '0', '1482559200', '1482616800', '0', '0', '0', '', '0', '0', '0', '0', '0', '0', '0', NULL);
INSERT INTO tx_vitrolles_domain_model_reservations VALUES ('41', '38', '18', '2', '1480086090', '1478458404', '0', '0', '0', '1483164000', '1483297200', '0', '0', '0', '', '0', '0', '0', '0', '0', '0', '0', NULL);
INSERT INTO tx_vitrolles_domain_model_reservations VALUES ('42', '38', '15', '2', '1479197604', '1478975547', '0', '0', '0', '1479466800', '1479639600', '0', '0', '0', '', '0', '0', '0', '0', '0', '0', '0', NULL);
INSERT INTO tx_vitrolles_domain_model_reservations VALUES ('43', '38', '9', '2', '1484660017', '1481712031', '0', '0', '0', '1492405200', '1492455600', '0', '0', '0', '', '0', '0', '0', '0', '0', '0', '0', NULL);
INSERT INTO tx_vitrolles_domain_model_reservations VALUES ('44', '38', '9', '1', '1484659980', '1481712169', '0', '0', '0', '1497675600', '1497726000', '0', '0', '0', '', '0', '0', '0', '0', '0', '0', '0', NULL);
INSERT INTO tx_vitrolles_domain_model_reservations VALUES ('45', '38', '9', '1', '1484660008', '1481712275', '0', '0', '0', '1501390800', '1501441200', '0', '0', '0', '', '0', '0', '0', '0', '0', '0', '0', NULL);
INSERT INTO tx_vitrolles_domain_model_reservations VALUES ('46', '38', '19', '2', '1484659696', '1483195007', '0', '0', '0', '1485583200', '1485702000', '0', '0', '0', '', '0', '0', '0', '0', '0', '0', '0', NULL);
INSERT INTO tx_vitrolles_domain_model_reservations VALUES ('47', '38', '21', '1', '1485249329', '1484913424', '0', '0', '0', '1496466000', '1496599200', '0', '0', '0', '', '0', '0', '0', '0', '0', '0', '0', NULL);
INSERT INTO tx_vitrolles_domain_model_reservations VALUES ('48', '38', '22', '1', '1485507839', '1485507839', '0', '0', '1', '1485511200', '1485522000', '0', '0', '0', '', '0', '0', '0', '0', '0', '0', '0', NULL);
INSERT INTO tx_vitrolles_domain_model_reservations VALUES ('49', '38', '22', '1', '1485527150', '1485508080', '0', '0', '0', '1488621600', '1488632400', '0', '0', '0', '', '0', '0', '0', '0', '0', '0', '0', NULL);
INSERT INTO tx_vitrolles_domain_model_reservations VALUES ('50', '38', '22', '1', '1485529316', '1485528387', '0', '0', '0', '1490518800', '1490529600', '0', '0', '0', '', '0', '0', '0', '0', '0', '0', '0', NULL);
INSERT INTO tx_vitrolles_domain_model_reservations VALUES ('51', '38', '23', '2', '1485879579', '1485723543', '0', '0', '0', '1495256400', '1495342800', '0', '0', '0', '', '0', '0', '0', '0', '0', '0', '0', NULL);
INSERT INTO tx_vitrolles_domain_model_reservations VALUES ('52', '38', '24', '2', '1485871455', '1485870233', '0', '0', '0', '1486188000', '1486274400', '0', '0', '0', '', '0', '0', '0', '0', '0', '0', '0', NULL);
INSERT INTO tx_vitrolles_domain_model_reservations VALUES ('53', '38', '25', '2', '1486458059', '1486325418', '0', '0', '0', '1487422800', '1487520000', '0', '0', '0', '', '0', '0', '0', '0', '0', '0', '0', NULL);
INSERT INTO tx_vitrolles_domain_model_reservations VALUES ('54', '38', '26', '2', '1486404837', '1486404837', '0', '0', '1', '1486818000', '1486904400', '0', '0', '0', '', '0', '0', '0', '0', '0', '0', '0', NULL);
INSERT INTO tx_vitrolles_domain_model_reservations VALUES ('55', '38', '27', '2', '1487312383', '1487089925', '0', '0', '0', '1488607200', '1488639600', '0', '0', '0', '', '0', '0', '0', '0', '0', '0', '0', NULL);
INSERT INTO tx_vitrolles_domain_model_reservations VALUES ('56', '38', '28', '2', '1487665705', '1487326022', '0', '0', '0', '1503118800', '1503262800', '0', '0', '0', '', '0', '0', '0', '0', '0', '0', '0', NULL);
INSERT INTO tx_vitrolles_domain_model_reservations VALUES ('57', '38', '29', '2', '1489481938', '1488875988', '0', '0', '0', '1503723600', '1503846000', '0', '0', '0', '', '0', '0', '0', '0', '0', '0', '0', NULL);
INSERT INTO tx_vitrolles_domain_model_reservations VALUES ('58', '38', '27', '2', '1491309860', '1491291560', '0', '0', '0', '1496466000', '1496552400', '0', '0', '0', '', '0', '0', '0', '0', '0', '0', '0', NULL);
INSERT INTO tx_vitrolles_domain_model_reservations VALUES ('59', '38', '30', '2', '1491916502', '1491559472', '0', '0', '0', '1497009600', '1497128400', '0', '0', '0', '', '0', '0', '0', '0', '0', '0', '0', NULL);
INSERT INTO tx_vitrolles_domain_model_reservations VALUES ('60', '38', '11', '2', '1491915497', '1491643979', '0', '1', '1', '1499576400', '1499623200', '0', '0', '0', '', '0', '0', '0', '0', '0', '0', '0', NULL);
INSERT INTO tx_vitrolles_domain_model_reservations VALUES ('61', '38', '11', '2', '1492161521', '1491727807', '0', '0', '0', '1500786000', '1500832800', '0', '0', '0', '', '0', '0', '0', '0', '0', '0', '0', NULL);
INSERT INTO tx_vitrolles_domain_model_reservations VALUES ('62', '38', '18', '2', '1491915436', '1491898959', '0', '0', '0', '1492837200', '1492945200', '0', '0', '0', '', '0', '0', '0', '0', '0', '0', '0', NULL);
INSERT INTO tx_vitrolles_domain_model_reservations VALUES ('63', '38', '31', '2', '1493124867', '1493122566', '0', '0', '0', '1497589200', '1497679200', '0', '0', '0', '', '0', '0', '0', '0', '0', '0', '0', NULL);
INSERT INTO tx_vitrolles_domain_model_reservations VALUES ('64', '38', '22', '2', '1494576763', '1494576763', '0', '0', '1', '1499230800', '1499288400', '0', '0', '0', '', '0', '0', '0', '0', '0', '0', '0', NULL);
INSERT INTO tx_vitrolles_domain_model_reservations VALUES ('65', '38', '32', '1', '1495452900', '1495452900', '0', '0', '1', '1498885200', '1499004000', '0', '0', '0', '', '0', '0', '0', '0', '0', '0', '0', NULL);
INSERT INTO tx_vitrolles_domain_model_reservations VALUES ('66', '38', '32', '2', '1495452914', '1495452914', '0', '0', '1', '1498885200', '1499004000', '0', '0', '0', '', '0', '0', '0', '0', '0', '0', '0', NULL);
INSERT INTO tx_vitrolles_domain_model_reservations VALUES ('67', '38', '33', '2', '1496749914', '1496749914', '0', '0', '1', '1497549600', '1497560400', '0', '0', '0', '', '0', '0', '0', '0', '0', '0', '0', NULL);
INSERT INTO tx_vitrolles_domain_model_reservations VALUES ('68', '38', '15', '2', '1497342489', '1497017468', '0', '0', '0', '1499403600', '1499576400', '0', '0', '0', '', '0', '0', '0', '0', '0', '0', '0', NULL);
INSERT INTO tx_vitrolles_domain_model_reservations VALUES ('69', '38', '34', '1', '1497709215', '1497709215', '0', '0', '1', '1498500000', '1498507200', '0', '0', '0', '', '0', '0', '0', '0', '0', '0', '0', NULL);
INSERT INTO tx_vitrolles_domain_model_reservations VALUES ('70', '38', '33', '1', '1499177043', '1498834121', '0', '0', '0', '1502082000', '1502427600', '0', '0', '0', '', '0', '0', '0', '0', '0', '0', '0', NULL);
INSERT INTO tx_vitrolles_domain_model_reservations VALUES ('71', '38', '35', '1', '1499933661', '1499894616', '0', '0', '0', '1506142800', '1506229200', '0', '0', '0', '', '0', '0', '0', '0', '0', '0', '0', NULL);
INSERT INTO tx_vitrolles_domain_model_reservations VALUES ('72', '38', '36', '2', '1501852965', '1501459841', '0', '1', '1', '1501480800', '1501516800', '0', '0', '0', '', '0', '0', '0', '0', '0', '0', '0', NULL);
INSERT INTO tx_vitrolles_domain_model_reservations VALUES ('73', '38', '34', '1', '1502432545', '1502267783', '0', '0', '0', '1507986000', '1508050800', '0', '0', '0', '', '0', '0', '0', '0', '0', '0', '0', NULL);
INSERT INTO tx_vitrolles_domain_model_reservations VALUES ('74', '38', '17', '2', '1502440282', '1502344498', '0', '0', '0', '1512144000', '1512234000', '0', '0', '0', '', '0', '0', '0', '0', '0', '0', '0', NULL);
INSERT INTO tx_vitrolles_domain_model_reservations VALUES ('75', '38', '37', '2', '1502693418', '1502466977', '0', '0', '0', '1504875600', '1505059200', '0', '0', '0', '', '0', '0', '0', '0', '0', '0', '0', NULL);
INSERT INTO tx_vitrolles_domain_model_reservations VALUES ('76', '38', '37', '2', '1502467041', '1502467041', '0', '0', '1', '1502456400', '1502467200', '0', '0', '0', '', '0', '0', '0', '0', '0', '0', '0', NULL);
INSERT INTO tx_vitrolles_domain_model_reservations VALUES ('77', '38', '38', '2', '1506956843', '1504883458', '0', '0', '0', '1508565600', '1508688000', '0', '0', '0', '', '0', '0', '0', '0', '0', '0', '0', NULL);
INSERT INTO tx_vitrolles_domain_model_reservations VALUES ('78', '38', '39', '2', '1506626852', '1506352833', '0', '0', '0', '1509796800', '1509901200', '0', '0', '0', '', '0', '0', '0', '0', '0', '0', '0', NULL);
INSERT INTO tx_vitrolles_domain_model_reservations VALUES ('79', '38', '40', '2', '1506956837', '1506434216', '0', '0', '0', '1506834000', '1506920400', '0', '0', '0', '', '0', '0', '0', '0', '0', '0', '0', NULL);
INSERT INTO tx_vitrolles_domain_model_reservations VALUES ('80', '38', '41', '2', '1506956959', '1506956959', '0', '0', '1', '1512799200', '1512925200', '0', '0', '0', '', '0', '0', '0', '0', '0', '0', '0', NULL);
INSERT INTO tx_vitrolles_domain_model_reservations VALUES ('81', '38', '42', '2', '1507295938', '1507295938', '0', '0', '1', '1530939600', '1531083600', '0', '0', '0', '', '0', '0', '0', '0', '0', '0', '0', NULL);
INSERT INTO tx_vitrolles_domain_model_reservations VALUES ('82', '38', '43', '2', '1507476812', '1507476708', '0', '0', '0', '1510380000', '1510513200', '0', '0', '0', '', '0', '0', '0', '0', '0', '0', '0', NULL);
INSERT INTO tx_vitrolles_domain_model_reservations VALUES ('83', '38', '44', '2', '1515401285', '1507827728', '0', '1', '0', '1516428000', '1516554000', '0', '0', '0', '', '0', '0', '0', '0', '0', '0', '0', NULL);
INSERT INTO tx_vitrolles_domain_model_reservations VALUES ('84', '38', '34', '2', '1509361238', '1508856453', '0', '0', '0', '1511539200', '1511600400', '0', '0', '0', '', '0', '0', '0', '0', '0', '0', '0', NULL);
INSERT INTO tx_vitrolles_domain_model_reservations VALUES ('85', '38', '34', '1', '1510302073', '1508920694', '0', '0', '0', '1510992000', '1510999200', '0', '0', '0', '', '0', '0', '0', '0', '0', '0', '0', NULL);
INSERT INTO tx_vitrolles_domain_model_reservations VALUES ('86', '38', '45', '2', '1511186047', '1510910342', '0', '0', '0', '1514710800', '1514797200', '0', '0', '0', '', '0', '0', '0', '0', '0', '0', '0', NULL);
INSERT INTO tx_vitrolles_domain_model_reservations VALUES ('87', '38', '46', '1', '1511536407', '1510997432', '0', '0', '0', '1514613600', '1514700000', '0', '0', '0', '', '0', '0', '0', '0', '0', '0', '0', NULL);
INSERT INTO tx_vitrolles_domain_model_reservations VALUES ('88', '38', '27', '1', '1511536394', '1511167682', '0', '0', '0', '1517061600', '1517079600', '0', '0', '0', '', '0', '0', '0', '0', '0', '0', '0', NULL);
INSERT INTO tx_vitrolles_domain_model_reservations VALUES ('89', '38', '23', '2', '1511536383', '1511333233', '0', '0', '0', '1514095200', '1514228400', '0', '0', '0', '', '0', '0', '0', '0', '0', '0', '0', NULL);
INSERT INTO tx_vitrolles_domain_model_reservations VALUES ('90', '38', '3', '2', '1512197730', '1512139198', '0', '0', '0', '1513317600', '1513357200', '0', '0', '0', '', '0', '0', '0', '0', '0', '0', '0', NULL);
INSERT INTO tx_vitrolles_domain_model_reservations VALUES ('91', '38', '17', '2', '1518185243', '1512148961', '0', '0', '0', '1525500000', '1525629600', '0', '0', '0', '', '0', '0', '0', '0', '0', '0', '0', NULL);
INSERT INTO tx_vitrolles_domain_model_reservations VALUES ('92', '38', '47', '2', '1512739820', '1512658451', '0', '0', '0', '1517637600', '1517677200', '0', '0', '0', '', '0', '0', '0', '0', '0', '0', '0', NULL);
INSERT INTO tx_vitrolles_domain_model_reservations VALUES ('93', '38', '3', '2', '1512806487', '1512741056', '0', '0', '0', '1516773600', '1516809600', '0', '0', '0', '', '0', '0', '0', '0', '0', '0', '0', NULL);
INSERT INTO tx_vitrolles_domain_model_reservations VALUES ('94', '38', '3', '1', '1513615435', '1513615135', '0', '0', '0', '1516428000', '1516557600', '0', '0', '0', '', '0', '0', '0', '0', '0', '0', '0', NULL);
INSERT INTO tx_vitrolles_domain_model_reservations VALUES ('95', '38', '48', '2', '1515140477', '1514327941', '0', '1', '0', '1518343200', '1518379200', '0', '0', '0', '', '0', '0', '0', '0', '0', '0', '0', NULL);
INSERT INTO tx_vitrolles_domain_model_reservations VALUES ('96', '38', '49', '1', '1518189563', '1514920122', '0', '0', '0', '1519470000', '1519556400', '0', '0', '0', '', '0', '0', '0', '0', '0', '0', '0', NULL);
INSERT INTO tx_vitrolles_domain_model_reservations VALUES ('97', '38', '50', '2', '1515404976', '1515157006', '0', '0', '0', '1515826800', '1515927600', '0', '0', '0', '', '0', '0', '0', '0', '0', '0', '0', 'a:6:{s:16:"sys_language_uid";N;s:6:"hidden";N;s:8:"id_users";N;s:9:"id_salles";N;s:9:"starttime";N;s:7:"endtime";N;}');
INSERT INTO tx_vitrolles_domain_model_reservations VALUES ('98', '38', '11', '2', '1515408641', '1515396133', '0', '0', '0', '1524891600', '1525024800', '0', '0', '0', '', '0', '0', '0', '0', '0', '0', '0', NULL);
INSERT INTO tx_vitrolles_domain_model_reservations VALUES ('99', '38', '51', '1', '1517229855', '1516618025', '0', '0', '0', '1518847200', '1518933600', '0', '0', '0', '', '0', '0', '0', '0', '0', '0', '0', NULL);
INSERT INTO tx_vitrolles_domain_model_reservations VALUES ('100', '38', '52', '1', '1518185191', '1517297770', '0', '0', '0', '1526104800', '1526220000', '0', '0', '0', '', '0', '0', '0', '0', '0', '0', '0', NULL);
INSERT INTO tx_vitrolles_domain_model_reservations VALUES ('101', '38', '53', '2', '1517410584', '1517410584', '0', '0', '1', '1529748000', '1529834400', '0', '0', '0', '', '0', '0', '0', '0', '0', '0', '0', NULL);
INSERT INTO tx_vitrolles_domain_model_reservations VALUES ('102', '38', '34', '1', '1518161971', '1517862469', '0', '0', '0', '1518195600', '1518202800', '0', '0', '0', '', '0', '0', '0', '0', '0', '0', '0', NULL);
INSERT INTO tx_vitrolles_domain_model_reservations VALUES ('103', '38', '23', '2', '1518185166', '1518031660', '0', '0', '0', '1526706000', '1526796000', '0', '0', '0', '', '0', '0', '0', '0', '0', '0', '0', NULL);
INSERT INTO tx_vitrolles_domain_model_reservations VALUES ('104', '38', '54', '2', '1518185142', '1518091454', '0', '0', '0', '1519581600', '1519635600', '0', '0', '0', '', '0', '0', '0', '0', '0', '0', '0', NULL);
INSERT INTO tx_vitrolles_domain_model_reservations VALUES ('105', '38', '22', '1', '1518187313', '1518163710', '0', '0', '0', '1520143200', '1520168400', '0', '0', '0', '', '0', '0', '0', '0', '0', '0', '0', NULL);
INSERT INTO tx_vitrolles_domain_model_reservations VALUES ('106', '38', '55', '2', '1519033930', '1518422717', '0', '0', '0', '1523088000', '1523174400', '0', '0', '0', '', '0', '0', '0', '0', '0', '0', '0', NULL);
INSERT INTO tx_vitrolles_domain_model_reservations VALUES ('107', '38', '34', '1', '1519635675', '1519566996', '0', '0', '0', '1520064000', '1520082000', '0', '0', '0', '', '0', '0', '0', '0', '0', '0', '0', NULL);
INSERT INTO tx_vitrolles_domain_model_reservations VALUES ('108', '38', '56', '2', '1520335383', '1520335383', '0', '0', '1', '1520319600', '1520341200', '0', '0', '0', '', '0', '0', '0', '0', '0', '0', '0', NULL);
INSERT INTO tx_vitrolles_domain_model_reservations VALUES ('109', '38', '57', '2', '1522050279', '1521197216', '0', '0', '0', '1534579200', '1534690800', '0', '0', '0', '', '0', '0', '0', '0', '0', '0', '0', NULL);
INSERT INTO tx_vitrolles_domain_model_reservations VALUES ('110', '38', '58', '1', '1522054759', '1521811734', '0', '1', '0', '1522490400', '1522576800', '0', '0', '0', '', '0', '0', '0', '0', '0', '0', '0', NULL);
INSERT INTO tx_vitrolles_domain_model_reservations VALUES ('111', '38', '59', '1', '1524209218', '1523687965', '0', '0', '0', '1525528800', '1525600800', '0', '0', '0', '', '0', '0', '0', '0', '0', '0', '0', NULL);
INSERT INTO tx_vitrolles_domain_model_reservations VALUES ('112', '38', '60', '2', '1525080113', '1523996722', '0', '0', '0', '1533373200', '1533481200', '0', '0', '0', '', '0', '0', '0', '0', '0', '0', '0', NULL);
INSERT INTO tx_vitrolles_domain_model_reservations VALUES ('113', '38', '34', '2', '1525079669', '1524831152', '0', '0', '0', '1528527600', '1528574400', '0', '0', '0', '', '0', '0', '0', '0', '0', '0', '0', NULL);
INSERT INTO tx_vitrolles_domain_model_reservations VALUES ('114', '38', '62', '2', '1527234144', '1526661239', '0', '0', '0', '1536426000', '1536512400', '0', '0', '0', '', '0', '0', '0', '0', '0', '0', '0', NULL);
INSERT INTO tx_vitrolles_domain_model_reservations VALUES ('115', '38', '11', '2', '1529303948', '1529045731', '0', '0', '0', '1532149200', '1532282400', '0', '0', '0', '', '0', '0', '0', '0', '0', '0', '0', NULL);
INSERT INTO tx_vitrolles_domain_model_reservations VALUES ('116', '38', '9', '1', '1529907351', '1529873124', '0', '0', '0', '1532844000', '1532890800', '0', '0', '0', '', '0', '0', '0', '0', '0', '0', '0', NULL);
INSERT INTO tx_vitrolles_domain_model_reservations VALUES ('117', '38', '63', '1', '1530858988', '1530824498', '0', '1', '1', '1530810000', '1530820800', '0', '0', '0', '', '0', '0', '0', '0', '0', '0', '0', NULL);
INSERT INTO tx_vitrolles_domain_model_reservations VALUES ('118', '38', '3', '2', '1533305578', '1533298001', '0', '0', '0', '1540011600', '1540134000', '0', '0', '0', '', '0', '0', '0', '0', '0', '0', '0', NULL);
INSERT INTO tx_vitrolles_domain_model_reservations VALUES ('119', '38', '64', '2', '1569235095', '1535360921', '0', '0', '0', '1548504000', '1548568800', '0', '0', '0', '', '0', '0', '0', '0', '0', '0', '0', NULL);
INSERT INTO tx_vitrolles_domain_model_reservations VALUES ('120', '38', '65', '1', '1535724884', '1535448605', '0', '0', '0', '1539410400', '1539529200', '0', '0', '0', '', '0', '0', '0', '0', '0', '0', '0', NULL);
INSERT INTO tx_vitrolles_domain_model_reservations VALUES ('121', '38', '17', '2', '1535955719', '1535699840', '0', '0', '0', '1543590000', '1543683600', '0', '0', '0', '', '0', '0', '0', '0', '0', '0', '0', NULL);
INSERT INTO tx_vitrolles_domain_model_reservations VALUES ('122', '38', '27', '1', '1536895938', '1536130377', '0', '0', '0', '1538834400', '1538906400', '0', '0', '0', '', '0', '0', '0', '0', '0', '0', '0', NULL);
INSERT INTO tx_vitrolles_domain_model_reservations VALUES ('123', '38', '66', '1', '1536568367', '1536567947', '0', '1', '1', '1543590000', '1543683600', '0', '0', '0', '', '0', '0', '0', '0', '0', '0', '0', NULL);
INSERT INTO tx_vitrolles_domain_model_reservations VALUES ('124', '38', '67', '1', '1538387535', '1538382782', '0', '0', '0', '1543593600', '1543770000', '0', '0', '0', '', '0', '0', '0', '0', '0', '0', '0', NULL);
INSERT INTO tx_vitrolles_domain_model_reservations VALUES ('125', '38', '34', '2', '1539008601', '1538828785', '0', '0', '0', '1541232000', '1541246400', '0', '0', '0', '', '0', '0', '0', '0', '0', '0', '0', NULL);
INSERT INTO tx_vitrolles_domain_model_reservations VALUES ('126', '38', '17', '2', '1555684619', '1539783898', '0', '0', '0', '1556946000', '1557072000', '0', '0', '0', '', '0', '0', '0', '0', '0', '0', '0', NULL);
INSERT INTO tx_vitrolles_domain_model_reservations VALUES ('127', '38', '17', '2', '1555684594', '1539783981', '0', '0', '0', '1561093200', '1561147200', '0', '0', '0', '', '0', '0', '0', '0', '0', '0', '0', NULL);
INSERT INTO tx_vitrolles_domain_model_reservations VALUES ('128', '38', '23', '2', '1539840836', '1539804135', '0', '0', '0', '1541829600', '1541916000', '0', '0', '0', '', '0', '0', '0', '0', '0', '0', '0', NULL);
INSERT INTO tx_vitrolles_domain_model_reservations VALUES ('129', '38', '68', '1', '1541435607', '1541167633', '0', '0', '0', '1541746800', '1541858400', '0', '0', '0', '', '0', '0', '0', '0', '0', '0', '0', NULL);
INSERT INTO tx_vitrolles_domain_model_reservations VALUES ('130', '38', '69', '2', '1544450136', '1544010279', '0', '0', '0', '1546236000', '1546340400', '0', '0', '0', '', '0', '0', '0', '0', '0', '0', '0', NULL);
INSERT INTO tx_vitrolles_domain_model_reservations VALUES ('131', '38', '70', '1', '1544612824', '1544612790', '0', '0', '0', '1545494400', '1545512400', '0', '0', '0', '', '0', '0', '0', '0', '0', '0', '0', NULL);
INSERT INTO tx_vitrolles_domain_model_reservations VALUES ('132', '38', '71', '1', '1545057768', '1544618039', '0', '0', '0', '1546282800', '1546362000', '0', '0', '0', '', '0', '0', '0', '0', '0', '0', '0', NULL);
INSERT INTO tx_vitrolles_domain_model_reservations VALUES ('133', '38', '34', '2', '1546937655', '1546704822', '0', '0', '0', '1549094400', '1549108800', '0', '0', '0', '', '0', '0', '0', '0', '0', '0', '0', NULL);
INSERT INTO tx_vitrolles_domain_model_reservations VALUES ('134', '38', '50', '2', '1546938209', '1546779517', '0', '0', '0', '1547902800', '1547985600', '0', '0', '0', '', '0', '0', '0', '0', '0', '0', '0', NULL);
INSERT INTO tx_vitrolles_domain_model_reservations VALUES ('135', '38', '72', '2', '1556001802', '1546955357', '0', '0', '0', '1559970000', '1560114000', '0', '0', '0', '', '0', '0', '0', '0', '0', '0', '0', NULL);
INSERT INTO tx_vitrolles_domain_model_reservations VALUES ('136', '38', '3', '2', '1547216341', '1547202973', '0', '0', '0', '1550296800', '1550383200', '0', '0', '0', '', '0', '0', '0', '0', '0', '0', '0', NULL);
INSERT INTO tx_vitrolles_domain_model_reservations VALUES ('137', '38', '73', '1', '1547217566', '1547207312', '0', '0', '0', '1547877600', '1547964000', '0', '0', '0', '', '0', '0', '0', '0', '0', '0', '0', NULL);
INSERT INTO tx_vitrolles_domain_model_reservations VALUES ('138', '38', '74', '1', '1548142781', '1547912774', '0', '0', '0', '1550314800', '1550401200', '0', '0', '0', '', '0', '0', '0', '0', '0', '0', '0', NULL);
INSERT INTO tx_vitrolles_domain_model_reservations VALUES ('139', '38', '40', '2', '1548755607', '1548423193', '0', '0', '0', '1556607600', '1556730000', '0', '0', '0', '', '0', '0', '0', '0', '0', '0', '0', NULL);
INSERT INTO tx_vitrolles_domain_model_reservations VALUES ('140', '38', '19', '1', '1549958276', '1549388611', '0', '0', '0', '1550847600', '1550916000', '0', '0', '0', '', '0', '0', '0', '0', '0', '0', '0', NULL);
INSERT INTO tx_vitrolles_domain_model_reservations VALUES ('141', '38', '9', '1', '1556001758', '1549389621', '0', '0', '0', '1563685200', '1563739200', '0', '0', '0', '', '0', '0', '0', '0', '0', '0', '0', NULL);
INSERT INTO tx_vitrolles_domain_model_reservations VALUES ('142', '38', '76', '1', '1550591557', '1550060392', '0', '0', '0', '1552809600', '1552906800', '0', '0', '0', '', '0', '0', '0', '0', '0', '0', '0', NULL);
INSERT INTO tx_vitrolles_domain_model_reservations VALUES ('143', '38', '57', '2', '1555684376', '1550223062', '0', '0', '0', '1563598800', '1563742800', '0', '0', '0', '', '0', '0', '0', '0', '0', '0', '0', NULL);
INSERT INTO tx_vitrolles_domain_model_reservations VALUES ('144', '38', '77', '2', '1550587028', '1550411248', '0', '0', '0', '1551506400', '1551592800', '0', '0', '0', '', '0', '0', '0', '0', '0', '0', '0', NULL);
INSERT INTO tx_vitrolles_domain_model_reservations VALUES ('145', '38', '73', '1', '1550850493', '1550682398', '0', '0', '0', '1551517200', '1551621600', '0', '0', '0', '', '0', '0', '0', '0', '0', '0', '0', NULL);
INSERT INTO tx_vitrolles_domain_model_reservations VALUES ('146', '38', '34', '1', '1551798707', '1551529860', '0', '0', '0', '1553270400', '1553288400', '0', '0', '0', '', '0', '0', '0', '0', '0', '0', '0', NULL);
INSERT INTO tx_vitrolles_domain_model_reservations VALUES ('147', '38', '78', '1', '1551798680', '1551792430', '0', '0', '0', '1555761600', '1555866000', '0', '0', '0', '', '0', '0', '0', '0', '0', '0', '0', NULL);
INSERT INTO tx_vitrolles_domain_model_reservations VALUES ('148', '38', '78', '2', '1551805044', '1551805044', '0', '0', '1', '1555754400', '1555862400', '0', '0', '0', '', '0', '0', '0', '0', '0', '0', '0', NULL);
INSERT INTO tx_vitrolles_domain_model_reservations VALUES ('149', '38', '76', '1', '1552032709', '1551857164', '0', '0', '0', '1552640400', '1552687200', '0', '0', '0', '', '0', '0', '0', '0', '0', '0', '0', NULL);
INSERT INTO tx_vitrolles_domain_model_reservations VALUES ('150', '38', '76', '1', '1552032679', '1551857256', '0', '0', '0', '1555660800', '1555707600', '0', '0', '0', '', '0', '0', '0', '0', '0', '0', '0', NULL);
INSERT INTO tx_vitrolles_domain_model_reservations VALUES ('151', '38', '76', '1', '1552032742', '1551857328', '0', '0', '0', '1558080000', '1558126800', '0', '0', '0', '', '0', '0', '0', '0', '0', '0', '0', NULL);
INSERT INTO tx_vitrolles_domain_model_reservations VALUES ('152', '38', '79', '2', '1552387383', '1552387383', '0', '0', '1', '1552381200', '1552410000', '0', '0', '0', '', '0', '0', '0', '0', '0', '0', '0', NULL);
INSERT INTO tx_vitrolles_domain_model_reservations VALUES ('153', '38', '79', '2', '1552635137', '1552398967', '0', '0', '0', '1555131600', '1555257600', '0', '0', '0', '', '0', '0', '0', '0', '0', '0', '0', NULL);
INSERT INTO tx_vitrolles_domain_model_reservations VALUES ('154', '38', '80', '2', '1552982179', '1552635963', '0', '0', '0', '1562994000', '1563130800', '0', '0', '0', '', '0', '0', '0', '0', '0', '0', '0', NULL);
INSERT INTO tx_vitrolles_domain_model_reservations VALUES ('155', '38', '81', '1', '1553623125', '1553583219', '0', '0', '0', '1554526800', '1554649200', '0', '0', '0', '', '0', '0', '0', '0', '0', '0', '0', NULL);
INSERT INTO tx_vitrolles_domain_model_reservations VALUES ('156', '38', '82', '1', '1555684130', '1554743491', '0', '0', '0', '1556949600', '1556985600', '0', '0', '0', '', '0', '0', '0', '0', '0', '0', '0', NULL);
INSERT INTO tx_vitrolles_domain_model_reservations VALUES ('157', '38', '77', '2', '1555072166', '1554901459', '0', '0', '0', '1562475600', '1562504400', '0', '0', '0', '', '0', '0', '0', '0', '0', '0', '0', NULL);
INSERT INTO tx_vitrolles_domain_model_reservations VALUES ('158', '38', '83', '2', '1555072207', '1554985119', '0', '1', '1', '1554958800', '1554991200', '0', '0', '0', '', '0', '0', '0', '0', '0', '0', '0', NULL);
INSERT INTO tx_vitrolles_domain_model_reservations VALUES ('159', '38', '11', '2', '1555684231', '1555683973', '0', '0', '0', '1564203600', '1564347600', '0', '0', '0', '', '0', '0', '0', '0', '0', '0', '0', NULL);
INSERT INTO tx_vitrolles_domain_model_reservations VALUES ('160', '38', '76', '1', '1555848272', '1555848272', '0', '0', '1', '1558155600', '1558195200', '0', '0', '0', '', '0', '0', '0', '0', '0', '0', '0', NULL);
INSERT INTO tx_vitrolles_domain_model_reservations VALUES ('161', '38', '76', '1', '1558094283', '1555848389', '0', '0', '0', '1568955600', '1569056400', '0', '0', '0', '', '0', '0', '0', '0', '0', '0', '0', NULL);
INSERT INTO tx_vitrolles_domain_model_reservations VALUES ('162', '38', '76', '1', '1571155081', '1555848464', '0', '1', '0', '1571374800', '1571475600', '0', '0', '0', '', '0', '0', '0', '0', '0', '0', '0', NULL);
INSERT INTO tx_vitrolles_domain_model_reservations VALUES ('163', '38', '59', '2', '1556364163', '1556295614', '0', '0', '0', '1558155600', '1558242000', '0', '0', '0', '', '0', '0', '0', '0', '0', '0', '0', NULL);
INSERT INTO tx_vitrolles_domain_model_reservations VALUES ('164', '38', '18', '2', '1556633932', '1556633493', '0', '0', '0', '1559390400', '1559476800', '0', '0', '0', '', '0', '0', '0', '0', '0', '0', '0', NULL);
INSERT INTO tx_vitrolles_domain_model_reservations VALUES ('165', '38', '77', '2', '1558426279', '1558113431', '0', '0', '0', '1577772000', '1577858400', '0', '0', '0', '', '0', '0', '0', '0', '0', '0', '0', NULL);
INSERT INTO tx_vitrolles_domain_model_reservations VALUES ('166', '38', '9', '1', '1558424893', '1558284778', '0', '0', '0', '1558612800', '1558630800', '0', '0', '0', '', '0', '0', '0', '0', '0', '0', '0', NULL);
INSERT INTO tx_vitrolles_domain_model_reservations VALUES ('167', '38', '9', '1', '1558424874', '1558284901', '0', '0', '0', '1561032000', '1561050000', '0', '0', '0', '', '0', '0', '0', '0', '0', '0', '0', NULL);
INSERT INTO tx_vitrolles_domain_model_reservations VALUES ('168', '38', '9', '1', '1558424851', '1558285005', '0', '0', '0', '1562241600', '1562259600', '0', '0', '0', '', '0', '0', '0', '0', '0', '0', '0', NULL);
INSERT INTO tx_vitrolles_domain_model_reservations VALUES ('169', '38', '9', '1', '1558424835', '1558285127', '0', '0', '0', '1563451200', '1563469200', '0', '0', '0', '', '0', '0', '0', '0', '0', '0', '0', NULL);
INSERT INTO tx_vitrolles_domain_model_reservations VALUES ('170', '38', '34', '1', '1559914832', '1559296210', '0', '0', '0', '1560438000', '1560448800', '0', '0', '0', '', '0', '0', '0', '0', '0', '0', '0', NULL);
INSERT INTO tx_vitrolles_domain_model_reservations VALUES ('171', '38', '85', '1', '1560258077', '1560204778', '0', '1', '1', '1560250800', '1560258000', '0', '0', '0', '', '0', '0', '0', '0', '0', '0', '0', NULL);
INSERT INTO tx_vitrolles_domain_model_reservations VALUES ('172', '38', '19', '2', '1560489836', '1560455340', '0', '0', '0', '1561204800', '1561266000', '0', '0', '0', '', '0', '0', '0', '0', '0', '0', '0', NULL);
INSERT INTO tx_vitrolles_domain_model_reservations VALUES ('173', '38', '86', '1', '1560472619', '1560472619', '0', '0', '1', '1560510000', '1560513600', '0', '0', '0', '', '0', '0', '0', '0', '0', '0', '0', NULL);
INSERT INTO tx_vitrolles_domain_model_reservations VALUES ('174', '38', '87', '2', '1562054416', '1560497791', '0', '0', '0', '1565416800', '1565546400', '0', '0', '0', '', '0', '0', '0', '0', '0', '0', '0', NULL);
INSERT INTO tx_vitrolles_domain_model_reservations VALUES ('175', '38', '89', '2', '1561862137', '1561862137', '0', '0', '1', '1561885200', '1561917600', '0', '0', '0', '', '0', '0', '0', '0', '0', '0', '0', NULL);
INSERT INTO tx_vitrolles_domain_model_reservations VALUES ('176', '38', '94', '1', '1561886116', '1561886116', '0', '0', '1', '1561903200', '1561910400', '0', '0', '0', '', '0', '0', '0', '0', '0', '0', '0', NULL);
INSERT INTO tx_vitrolles_domain_model_reservations VALUES ('177', '38', '141', '1', '1562679387', '1562604771', '0', '1', '1', '1562565600', '1562598000', '0', '0', '0', '', '0', '0', '0', '0', '0', '0', '0', NULL);
INSERT INTO tx_vitrolles_domain_model_reservations VALUES ('178', '38', '182', '1', '1563258836', '1562686293', '0', '0', '0', '1566018000', '1566104400', '0', '0', '0', '', '0', '0', '0', '0', '0', '0', '0', NULL);
INSERT INTO tx_vitrolles_domain_model_reservations VALUES ('179', '38', '184', '2', '1563515186', '1563515186', '0', '0', '1', '1569049200', '1569171600', '0', '0', '0', '', '0', '0', '0', '0', '0', '0', '0', NULL);
INSERT INTO tx_vitrolles_domain_model_reservations VALUES ('180', '38', '183', '2', '1563871378', '1563515186', '0', '0', '0', '1569049200', '1569171600', '0', '0', '0', '', '0', '0', '0', '0', '0', '0', '0', NULL);
INSERT INTO tx_vitrolles_domain_model_reservations VALUES ('181', '38', '79', '2', '1563871025', '1563542794', '0', '0', '0', '1568437200', '1568570400', '0', '0', '0', '', '0', '0', '0', '0', '0', '0', '0', NULL);
INSERT INTO tx_vitrolles_domain_model_reservations VALUES ('182', '38', '80', '2', '1564048702', '1564048702', '0', '0', '1', '1566018000', '1566144000', '0', '0', '0', '', '0', '0', '0', '0', '0', '0', '0', NULL);
INSERT INTO tx_vitrolles_domain_model_reservations VALUES ('183', '38', '185', '2', '1569945866', '1567002812', '0', '1', '0', '1571461200', '1571590800', '0', '0', '0', '', '0', '0', '0', '0', '0', '0', '0', NULL);
INSERT INTO tx_vitrolles_domain_model_reservations VALUES ('184', '38', '64', '2', '1567149400', '1567148374', '0', '0', '0', '1576303200', '1576360800', '0', '0', '0', '', '0', '0', '0', '0', '0', '0', '0', NULL);
INSERT INTO tx_vitrolles_domain_model_reservations VALUES ('185', '38', '64', '1', '1569945718', '1567780191', '0', '1', '0', '1576389600', '1576414800', '0', '0', '0', '', '0', '0', '0', '0', '0', '0', '0', NULL);
INSERT INTO tx_vitrolles_domain_model_reservations VALUES ('186', '38', '17', '2', '1568350994', '1567941078', '0', '0', '0', '1575644400', '1575738000', '0', '0', '0', '', '0', '0', '0', '0', '0', '0', '0', NULL);
INSERT INTO tx_vitrolles_domain_model_reservations VALUES ('187', '38', '77', '2', '1569945879', '1568310502', '0', '1', '0', '1572674400', '1572760800', '0', '0', '0', '', '0', '0', '0', '0', '0', '0', '0', NULL);
INSERT INTO tx_vitrolles_domain_model_reservations VALUES ('188', '38', '186', '1', '1568380335', '1568365070', '0', '1', '0', '1573884000', '1574028000', '0', '0', '0', '', '0', '0', '0', '0', '0', '0', '0', NULL);
INSERT INTO tx_vitrolles_domain_model_reservations VALUES ('189', '38', '187', '2', '1570520329', '1568365227', '0', '0', '0', '1573884000', '1574028000', '0', '0', '0', '', '0', '0', '0', '0', '0', '0', '0', NULL);
INSERT INTO tx_vitrolles_domain_model_reservations VALUES ('190', '38', '64', '2', '1568737372', '1568383713', '0', '0', '0', '1576389600', '1576422000', '0', '0', '0', '', '0', '0', '0', '0', '0', '0', '0', NULL);
INSERT INTO tx_vitrolles_domain_model_reservations VALUES ('191', '38', '34', '1', '1568737275', '1568736000', '0', '0', '0', '1573830000', '1573894800', '0', '0', '0', '', '0', '0', '0', '0', '0', '0', '0', NULL);
INSERT INTO tx_vitrolles_domain_model_reservations VALUES ('192', '38', '34', '1', '1568737248', '1568736129', '0', '0', '0', '1579273200', '1579338000', '0', '0', '0', '', '0', '0', '0', '0', '0', '0', '0', NULL);
INSERT INTO tx_vitrolles_domain_model_reservations VALUES ('193', '38', '19', '2', '1569934229', '1568910051', '0', '0', '0', '1572105600', '1572170400', '0', '0', '0', '', '0', '0', '0', '0', '0', '0', '0', NULL);
INSERT INTO tx_vitrolles_domain_model_reservations VALUES ('194', '38', '188', '1', '1571155183', '1569260469', '0', '0', '0', '1572102000', '1572156000', '0', '0', '0', '', '0', '0', '0', '0', '0', '0', '0', 'a:5:{s:6:"hidden";N;s:8:"id_users";N;s:9:"id_salles";N;s:9:"starttime";N;s:7:"endtime";N;}');
INSERT INTO tx_vitrolles_domain_model_reservations VALUES ('195', '38', '189', '1', '1570544323', '1569907677', '0', '1', '0', '1580536800', '1580623200', '0', '0', '0', '', '0', '0', '0', '0', '0', '0', '0', NULL);
INSERT INTO tx_vitrolles_domain_model_reservations VALUES ('196', '38', '189', '2', '1570544248', '1569991094', '0', '0', '0', '1580536800', '1580623200', '0', '0', '0', '', '0', '0', '0', '0', '0', '0', '0', NULL);
INSERT INTO tx_vitrolles_domain_model_reservations VALUES ('197', '38', '191', '2', '1570520317', '1570435077', '0', '0', '0', '1570867200', '1570953600', '0', '0', '0', '', '0', '0', '0', '0', '0', '0', '0', NULL);
INSERT INTO tx_vitrolles_domain_model_reservations VALUES ('198', '38', '34', '1', '1571154835', '1570880750', '0', '0', '0', '1572015600', '1572037200', '0', '0', '0', '', '0', '0', '0', '0', '0', '0', '0', NULL);
INSERT INTO tx_vitrolles_domain_model_reservations VALUES ('199', '38', '77', '2', '1572328345', '1572281459', '0', '0', '0', '1572674400', '1572760800', '0', '0', '0', '', '0', '0', '0', '0', '0', '0', '0', NULL);
INSERT INTO tx_vitrolles_domain_model_reservations VALUES ('200', '38', '192', '1', '1572328308', '1572292227', '0', '0', '0', '1572760800', '1572804000', '0', '0', '0', '', '0', '0', '0', '0', '0', '0', '0', NULL);
INSERT INTO tx_vitrolles_domain_model_reservations VALUES ('201', '38', '193', '1', '1573570877', '1572981142', '0', '0', '0', '1577782800', '1577898000', '0', '0', '0', '', '0', '0', '0', '0', '0', '0', '0', NULL);
INSERT INTO tx_vitrolles_domain_model_reservations VALUES ('202', '38', '194', '1', '1582628415', '1577473300', '0', '0', '0', '1585414800', '1585458000', '0', '0', '0', '', '0', '0', '0', '0', '0', '0', '0', NULL);
INSERT INTO tx_vitrolles_domain_model_reservations VALUES ('203', '38', '17', '2', '1578384509', '1578240882', '0', '0', '0', '1581141600', '1581184800', '0', '0', '0', '', '0', '0', '0', '0', '0', '0', '0', NULL);
INSERT INTO tx_vitrolles_domain_model_reservations VALUES ('204', '38', '34', '1', '1582628776', '1578241380', '0', '0', '0', '1582981200', '1583060400', '0', '0', '0', '', '0', '0', '0', '0', '0', '0', '0', NULL);
INSERT INTO tx_vitrolles_domain_model_reservations VALUES ('205', '38', '34', '1', '1582628691', '1578241484', '0', '0', '0', '1583568000', '1583586000', '0', '0', '0', '', '0', '0', '0', '0', '0', '0', '0', NULL);
INSERT INTO tx_vitrolles_domain_model_reservations VALUES ('206', '38', '34', '2', '1582628718', '1578241712', '0', '0', '0', '1587135600', '1587157200', '0', '0', '0', '', '0', '0', '0', '0', '0', '0', '0', NULL);
INSERT INTO tx_vitrolles_domain_model_reservations VALUES ('207', '38', '195', '1', '1580208315', '1578489081', '0', '1', '0', '1581055200', '1581228000', '0', '0', '0', '', '0', '0', '0', '0', '0', '0', '0', NULL);
INSERT INTO tx_vitrolles_domain_model_reservations VALUES ('208', '38', '77', '2', '1582628522', '1578924315', '0', '0', '0', '1593234000', '1593320400', '0', '0', '0', '', '0', '0', '0', '0', '0', '0', '0', NULL);
INSERT INTO tx_vitrolles_domain_model_reservations VALUES ('209', '38', '19', '2', '1579805012', '1579805012', '0', '0', '1', '1581235200', '1581314400', '0', '0', '0', '', '0', '0', '0', '0', '0', '0', '0', NULL);
INSERT INTO tx_vitrolles_domain_model_reservations VALUES ('210', '38', '76', '1', '1580808618', '1580542948', '0', '0', '0', '1581696000', '1581760800', '0', '0', '0', '', '0', '0', '0', '0', '0', '0', '0', NULL);
INSERT INTO tx_vitrolles_domain_model_reservations VALUES ('211', '38', '76', '1', '1580808591', '1580544886', '0', '0', '0', '1584720000', '1584784800', '0', '0', '0', '', '0', '0', '0', '0', '0', '0', '0', NULL);
INSERT INTO tx_vitrolles_domain_model_reservations VALUES ('212', '38', '196', '2', '1582044888', '1582043261', '0', '0', '0', '1584802800', '1584874800', '0', '0', '0', '', '0', '0', '0', '0', '0', '0', '0', NULL);
INSERT INTO tx_vitrolles_domain_model_reservations VALUES ('213', '38', '19', '2', '1582122218', '1582114343', '0', '0', '0', '1582956000', '1583042400', '0', '0', '0', '', '0', '0', '0', '0', '0', '0', '0', NULL);
INSERT INTO tx_vitrolles_domain_model_reservations VALUES ('214', '38', '9', '1', '1582629566', '1582621699', '0', '0', '0', '1595743200', '1595790000', '0', '0', '0', '', '0', '0', '0', '0', '0', '0', '0', NULL);
INSERT INTO tx_vitrolles_domain_model_reservations VALUES ('215', '38', '197', '2', '1582742423', '1582722237', '0', '0', '0', '1583578800', '1583665200', '0', '0', '0', '', '0', '0', '0', '0', '0', '0', '0', NULL);
INSERT INTO tx_vitrolles_domain_model_reservations VALUES ('216', '38', '79', '2', '1583251747', '1583249346', '0', '0', '0', '1586581200', '1586714400', '0', '0', '0', '', '0', '0', '0', '0', '0', '0', '0', NULL);
INSERT INTO tx_vitrolles_domain_model_reservations VALUES ('217', '38', '198', '1', '1583513117', '1583513117', '0', '0', '1', '1584201600', '1584277200', '0', '0', '0', '', '0', '0', '0', '0', '0', '0', '0', NULL);
INSERT INTO tx_vitrolles_domain_model_reservations VALUES ('218', '38', '34', '2', '1583657700', '1583657700', '0', '0', '1', '1587798000', '1587816000', '0', '0', '0', '', '0', '0', '0', '0', '0', '0', '0', NULL);


# TYPO3 Extension Manager dump 1.1
#
# Host: 127.0.0.1    Database: vitrolles_bd
#--------------------------------------------------------


#
# Table structure for table "tx_vitrolles_domain_model_salles"
#
DROP TABLE IF EXISTS tx_vitrolles_domain_model_salles;
CREATE TABLE tx_vitrolles_domain_model_salles (
  uid int(11) NOT NULL auto_increment,
  pid int(11) NOT NULL default '0',
  title varchar(255) NOT NULL default '',
  tstamp int(11) unsigned NOT NULL default '0',
  crdate int(11) unsigned NOT NULL default '0',
  cruser_id int(11) unsigned NOT NULL default '0',
  deleted tinyint(4) unsigned NOT NULL default '0',
  hidden tinyint(4) unsigned NOT NULL default '0',
  starttime int(11) unsigned NOT NULL default '0',
  endtime int(11) unsigned NOT NULL default '0',
  t3ver_oid int(11) NOT NULL default '0',
  t3ver_id int(11) NOT NULL default '0',
  t3ver_wsid int(11) NOT NULL default '0',
  t3ver_label varchar(255) NOT NULL default '',
  t3ver_state tinyint(4) NOT NULL default '0',
  t3ver_stage int(11) NOT NULL default '0',
  t3ver_count int(11) NOT NULL default '0',
  t3ver_tstamp int(11) NOT NULL default '0',
  t3ver_move_id int(11) NOT NULL default '0',
  sys_language_uid int(11) NOT NULL default '0',
  l10n_parent int(11) NOT NULL default '0',
  l10n_diffsource mediumblob,
  PRIMARY KEY (uid),
  KEY parent (pid),
  KEY t3ver_oid (t3ver_oid,t3ver_wsid),
  KEY language (l10n_parent,sys_language_uid)
);


INSERT INTO tx_vitrolles_domain_model_salles VALUES ('1', '38', 'Le Haut Vitrolles', '1452176673', '1452176673', '3', '0', '0', '0', '0', '0', '0', '0', '', '0', '0', '0', '0', '0', '0', '0', 'a:5:{s:16:"sys_language_uid";N;s:6:"hidden";N;s:5:"title";N;s:9:"starttime";N;s:7:"endtime";N;}');
INSERT INTO tx_vitrolles_domain_model_salles VALUES ('2', '38', 'Le Plan', '1452176687', '1452176687', '3', '0', '0', '0', '0', '0', '0', '0', '', '0', '0', '0', '0', '0', '0', '0', 'a:5:{s:16:"sys_language_uid";N;s:6:"hidden";N;s:5:"title";N;s:9:"starttime";N;s:7:"endtime";N;}');


